RUser_ID,RegCourse_ID,RClass,RRun_StartDate,Reg_Datetime,Reg_Status,Completion_Status
543,DATA201801,1,2018-01-02,2018-01-02,accepted,completed
579,DATA201801,1,2018-01-02,2018-01-02,accepted,completed
580,DATA201801,1,2018-01-02,2018-01-02,accepted,completed
581,DATA201801,1,2018-01-02,2018-01-02,accepted,completed
582,DATA201801,1,2018-01-02,2018-01-02,accepted,completed
583,DATA201801,1,2018-01-02,2018-01-02,accepted,completed
584,DATA201801,1,2018-01-02,2018-01-02,accepted,completed
585,DATA201801,1,2018-01-02,2018-01-02,accepted,completed
586,DATA201801,1,2018-01-02,2018-01-02,accepted,completed
587,DATA201801,1,2018-01-02,2018-01-02,accepted,completed
588,DATA201801,1,2018-01-02,2018-01-02,accepted,completed
589,DATA201801,1,2018-01-02,2018-01-02,accepted,completed
590,DATA201801,1,2018-01-02,2018-01-02,accepted,completed
591,DATA201801,1,2018-01-02,2018-01-02,accepted,completed
592,DATA201801,1,2018-01-02,2018-01-02,accepted,completed
593,DATA201801,1,2018-01-02,2018-01-02,accepted,completed
594,DATA201801,1,2018-01-02,2018-01-02,accepted,completed
595,DATA201801,1,2018-01-02,2018-01-02,accepted,completed
597,DATA201801,1,2018-01-02,2018-01-02,accepted,completed
598,DATA201801,1,2018-01-02,2018-01-02,accepted,completed
599,DATA201801,1,2018-01-02,2018-01-02,accepted,completed
600,DATA201801,1,2018-01-02,2018-01-02,accepted,completed
601,DATA201801,1,2018-01-02,2018-01-02,accepted,completed
602,DATA201801,1,2018-01-02,2018-01-02,accepted,completed
603,DATA201801,1,2018-01-02,2018-01-02,accepted,completed
576,DATA201802,1,2018-01-03,2018-01-05,accepted,completed
583,DATA201802,1,2018-01-03,2018-01-05,accepted,completed
585,DATA201802,1,2018-01-03,2018-01-05,accepted,completed
587,DATA201802,1,2018-01-03,2018-01-05,accepted,completed
599,DATA201802,1,2018-01-03,2018-01-05,accepted,completed
601,DATA201802,1,2018-01-03,2018-01-05,accepted,completed
602,DATA201802,1,2018-01-03,2018-01-05,accepted,completed
603,DATA201802,1,2018-01-03,2018-01-05,accepted,completed
604,DATA201802,1,2018-01-03,2018-01-05,accepted,completed
605,DATA201802,1,2018-01-03,2018-01-05,accepted,completed
606,DATA201802,1,2018-01-03,2018-01-05,accepted,completed
607,DATA201802,1,2018-01-03,2018-01-05,accepted,completed
608,DATA201802,1,2018-01-03,2018-01-05,accepted,completed
609,DATA201802,1,2018-01-03,2018-01-05,accepted,completed
612,DATA201802,1,2018-01-03,2018-01-05,accepted,completed
613,DATA201802,1,2018-01-03,2018-01-05,accepted,completed
615,DATA201802,1,2018-01-03,2018-01-05,accepted,completed
616,DATA201802,1,2018-01-03,2018-01-05,accepted,completed
617,DATA201802,1,2018-01-03,2018-01-05,accepted,completed
618,DATA201802,1,2018-01-03,2018-01-05,accepted,completed
619,DATA201802,1,2018-01-03,2018-01-05,accepted,completed
620,DATA201802,1,2018-01-03,2018-01-05,accepted,completed
621,DATA201802,1,2018-01-03,2018-01-05,accepted,completed
622,DATA201802,1,2018-01-03,2018-01-05,accepted,completed
624,DATA201802,1,2018-01-03,2018-01-05,accepted,completed
625,DATA201802,1,2018-01-03,2018-01-05,accepted,completed
626,DATA201802,1,2018-01-03,2018-01-05,accepted,completed
627,DATA201802,1,2018-01-03,2018-01-05,accepted,completed
629,DATA201802,1,2018-01-03,2018-01-05,accepted,completed
630,DATA201802,1,2018-01-03,2018-01-05,accepted,completed
534,DATA201803,1,2018-05-02,2018-05-03,accepted,completed
535,DATA201803,1,2018-05-02,2018-05-03,accepted,completed
536,DATA201803,1,2018-05-02,2018-05-03,accepted,completed
537,DATA201803,1,2018-05-02,2018-05-03,accepted,completed
538,DATA201803,1,2018-05-02,2018-05-03,accepted,completed
539,DATA201803,1,2018-05-02,2018-05-03,accepted,completed
540,DATA201803,1,2018-05-02,2018-05-03,accepted,completed
541,DATA201803,1,2018-05-02,2018-05-03,accepted,completed
542,DATA201803,1,2018-05-02,2018-05-03,accepted,completed
543,DATA201803,1,2018-05-02,2018-05-03,accepted,completed
544,DATA201803,1,2018-05-02,2018-05-03,accepted,completed
545,DATA201803,1,2018-05-02,2018-05-03,accepted,completed
546,DATA201803,1,2018-05-02,2018-05-03,accepted,completed
536,DATA201804,1,2018-05-07,2018-05-08,accepted,completed
568,DATA201804,1,2018-05-07,2018-05-08,accepted,completed
569,DATA201804,1,2018-05-07,2018-05-08,accepted,completed
571,DATA201804,1,2018-05-07,2018-05-08,accepted,completed
572,DATA201804,1,2018-05-07,2018-05-08,accepted,completed
573,DATA201804,1,2018-05-07,2018-05-08,accepted,completed
574,DATA201804,1,2018-05-07,2018-05-08,accepted,completed
575,DATA201804,1,2018-05-07,2018-05-08,accepted,completed
576,DATA201804,1,2018-05-07,2018-05-08,accepted,completed
577,DATA201804,1,2018-05-07,2018-05-08,accepted,completed
578,DATA201804,1,2018-05-07,2018-05-08,accepted,completed
538,DATA201809,1,2018-06-20,2018-06-21,accepted,completed
547,DATA201809,1,2018-06-20,2018-06-21,accepted,completed
548,DATA201809,1,2018-06-20,2018-06-21,accepted,completed
550,DATA201809,1,2018-06-20,2018-06-21,accepted,completed
551,DATA201809,1,2018-06-20,2018-06-21,accepted,completed
552,DATA201809,1,2018-06-20,2018-06-21,accepted,completed
553,DATA201809,1,2018-06-20,2018-06-21,accepted,completed
554,DATA201809,1,2018-06-20,2018-06-21,accepted,completed
555,DATA201809,1,2018-06-20,2018-06-21,accepted,completed
556,DATA201809,1,2018-06-20,2018-06-21,accepted,completed
557,DATA201809,1,2018-06-20,2018-06-21,accepted,completed
558,DATA201809,1,2018-06-20,2018-06-21,accepted,completed
559,DATA201809,1,2018-06-20,2018-06-21,accepted,completed
560,DATA201809,1,2018-06-20,2018-06-21,accepted,completed
561,DATA201809,1,2018-06-20,2018-06-21,accepted,completed
562,DATA201809,1,2018-06-20,2018-06-21,accepted,completed
563,DATA201809,1,2018-06-20,2018-06-21,accepted,completed
564,DATA201809,1,2018-06-20,2018-06-21,accepted,completed
565,DATA201809,1,2018-06-20,2018-06-21,accepted,completed
566,DATA201809,1,2018-06-20,2018-06-21,accepted,completed
567,DATA201809,1,2018-06-20,2018-06-21,accepted,completed
536,DATA201811,1,2018-08-13,2018-08-14,accepted,completed
568,DATA201811,1,2018-08-13,2018-08-14,accepted,completed
569,DATA201811,1,2018-08-13,2018-08-14,accepted,completed
571,DATA201811,1,2018-08-13,2018-08-14,accepted,completed
572,DATA201811,1,2018-08-13,2018-08-14,accepted,completed
573,DATA201811,1,2018-08-13,2018-08-14,accepted,completed
574,DATA201811,1,2018-08-13,2018-08-14,accepted,completed
575,DATA201811,1,2018-08-13,2018-08-14,accepted,completed
576,DATA201811,1,2018-08-13,2018-08-14,accepted,completed
577,DATA201811,1,2018-08-13,2018-08-14,accepted,completed
578,DATA201811,1,2018-08-13,2018-08-14,accepted,completed
497,DATA201901,1,2019-04-29,2019-04-30,accepted,completed
558,DATA201901,1,2019-04-29,2019-04-30,accepted,completed
559,DATA201901,1,2019-04-29,2019-04-30,accepted,completed
632,DATA201901,1,2019-04-29,2019-04-30,accepted,completed
633,DATA201901,1,2019-04-29,2019-04-30,accepted,completed
634,DATA201901,1,2019-04-29,2019-04-30,accepted,completed
636,DATA201901,1,2019-04-29,2019-04-30,accepted,completed
640,DATA201901,1,2019-04-29,2019-04-30,accepted,completed
642,DATA201901,1,2019-04-29,2019-04-30,accepted,completed
644,DATA201901,1,2019-04-29,2019-04-30,accepted,completed
646,DATA201901,1,2019-04-29,2019-04-30,accepted,completed
647,DATA201901,1,2019-04-29,2019-04-30,accepted,completed
653,DATA201901,1,2019-04-29,2019-04-30,accepted,completed
655,DATA201901,1,2019-04-29,2019-04-30,accepted,completed
656,DATA201901,1,2019-04-29,2019-04-30,accepted,completed
658,DATA201901,1,2019-04-29,2019-04-30,accepted,completed
659,DATA201901,1,2019-04-29,2019-04-30,accepted,completed
660,DATA201901,1,2019-04-29,2019-04-30,accepted,completed
661,DATA201901,1,2019-04-29,2019-04-30,accepted,completed
662,DATA201901,1,2019-04-29,2019-04-30,accepted,completed
663,DATA201901,1,2019-04-29,2019-04-30,accepted,completed
664,DATA201901,1,2019-04-29,2019-04-30,accepted,completed
665,DATA201901,1,2019-04-29,2019-04-30,accepted,completed
666,DATA201901,1,2019-04-29,2019-04-30,accepted,completed
667,DATA201901,1,2019-04-29,2019-04-30,accepted,completed
668,DATA201901,1,2019-04-29,2019-04-30,accepted,completed
669,DATA201901,1,2019-04-29,2019-04-30,accepted,completed
670,DATA201901,1,2019-04-29,2019-04-30,accepted,completed
671,DATA201901,1,2019-04-29,2019-04-30,accepted,completed
672,DATA201901,1,2019-04-29,2019-04-30,accepted,completed
673,DATA201901,1,2019-04-29,2019-04-30,accepted,completed
674,DATA201901,1,2019-04-29,2019-04-30,accepted,completed
675,DATA201901,1,2019-04-29,2019-04-30,accepted,completed
676,DATA201901,1,2019-04-29,2019-04-30,accepted,completed
677,DATA201901,1,2019-04-29,2019-04-30,accepted,completed
678,DATA201901,1,2019-04-29,2019-04-30,accepted,completed
679,DATA201901,1,2019-04-29,2019-04-30,accepted,completed
497,DATA201902,1,2019-05-02,2019-05-02,accepted,completed
558,DATA201902,1,2019-05-02,2019-05-02,accepted,completed
618,DATA201902,1,2019-05-02,2019-05-02,accepted,completed
631,DATA201902,1,2019-05-02,2019-05-02,accepted,completed
632,DATA201902,1,2019-05-02,2019-05-02,accepted,completed
633,DATA201902,1,2019-05-02,2019-05-02,accepted,completed
634,DATA201902,1,2019-05-02,2019-05-02,accepted,completed
635,DATA201902,1,2019-05-02,2019-05-02,accepted,completed
636,DATA201902,1,2019-05-02,2019-05-02,accepted,completed
637,DATA201902,1,2019-05-02,2019-05-02,accepted,completed
638,DATA201902,1,2019-05-02,2019-05-02,accepted,completed
639,DATA201902,1,2019-05-02,2019-05-02,accepted,completed
640,DATA201902,1,2019-05-02,2019-05-02,accepted,completed
641,DATA201902,1,2019-05-02,2019-05-02,accepted,completed
642,DATA201902,1,2019-05-02,2019-05-02,accepted,completed
643,DATA201902,1,2019-05-02,2019-05-02,accepted,completed
644,DATA201902,1,2019-05-02,2019-05-02,accepted,completed
645,DATA201902,1,2019-05-02,2019-05-02,accepted,completed
646,DATA201902,1,2019-05-02,2019-05-02,accepted,completed
647,DATA201902,1,2019-05-02,2019-05-02,accepted,completed
648,DATA201902,1,2019-05-02,2019-05-02,accepted,completed
649,DATA201902,1,2019-05-02,2019-05-02,accepted,completed
650,DATA201902,1,2019-05-02,2019-05-02,accepted,completed
651,DATA201902,1,2019-05-02,2019-05-02,accepted,completed
652,DATA201902,1,2019-05-02,2019-05-02,accepted,completed
653,DATA201902,1,2019-05-02,2019-05-02,accepted,completed
654,DATA201902,1,2019-05-02,2019-05-02,accepted,completed
655,DATA201902,1,2019-05-02,2019-05-02,accepted,completed
656,DATA201902,1,2019-05-02,2019-05-02,accepted,completed
657,DATA201902,1,2019-05-02,2019-05-02,accepted,completed
658,DATA201902,1,2019-05-02,2019-05-02,accepted,completed
309,DATA201903,1,2019-06-05,2019-06-05,accepted,completed
455,DATA201903,1,2019-06-05,2019-06-05,accepted,completed
457,DATA201903,1,2019-06-05,2019-06-05,accepted,completed
460,DATA201903,1,2019-06-05,2019-06-05,accepted,completed
462,DATA201903,1,2019-06-05,2019-06-05,accepted,completed
472,DATA201903,1,2019-06-05,2019-06-05,accepted,completed
475,DATA201903,1,2019-06-05,2019-06-05,accepted,completed
477,DATA201903,1,2019-06-05,2019-06-05,accepted,completed
504,DATA201903,1,2019-06-05,2019-06-05,accepted,completed
506,DATA201903,1,2019-06-05,2019-06-05,accepted,completed
519,DATA201903,1,2019-06-05,2019-06-05,accepted,completed
520,DATA201903,1,2019-06-05,2019-06-05,accepted,completed
524,DATA201903,1,2019-06-05,2019-06-05,accepted,completed
525,DATA201903,1,2019-06-05,2019-06-05,accepted,completed
526,DATA201903,1,2019-06-05,2019-06-05,accepted,completed
528,DATA201903,1,2019-06-05,2019-06-05,accepted,completed
529,DATA201903,1,2019-06-05,2019-06-05,accepted,completed
532,DATA201903,1,2019-06-05,2019-06-05,accepted,completed
376,DATA201904,1,2019-06-19,2019-06-19,accepted,completed
460,DATA201904,1,2019-06-19,2019-06-19,accepted,completed
479,DATA201904,1,2019-06-19,2019-06-19,accepted,completed
505,DATA201904,1,2019-06-19,2019-06-19,accepted,completed
506,DATA201904,1,2019-06-19,2019-06-19,accepted,completed
520,DATA201904,1,2019-06-19,2019-06-19,accepted,completed
523,DATA201904,1,2019-06-19,2019-06-19,accepted,completed
527,DATA201904,1,2019-06-19,2019-06-19,accepted,completed
530,DATA201904,1,2019-06-19,2019-06-19,accepted,completed
531,DATA201904,1,2019-06-19,2019-06-19,accepted,completed
532,DATA201904,1,2019-06-19,2019-06-19,accepted,completed
18,DATA202001,1,2020-05-05,2020-05-06,accepted,completed
51,DATA202001,1,2020-05-05,2020-05-06,accepted,completed
179,DATA202001,1,2020-05-05,2020-05-06,accepted,completed
261,DATA202001,1,2020-05-05,2020-05-06,accepted,completed
278,DATA202001,1,2020-05-05,2020-05-06,accepted,completed
300,DATA202001,1,2020-05-05,2020-05-06,accepted,completed
302,DATA202001,1,2020-05-05,2020-05-06,accepted,completed
325,DATA202001,1,2020-05-05,2020-05-06,accepted,completed
330,DATA202001,1,2020-05-05,2020-05-06,accepted,completed
335,DATA202001,1,2020-05-05,2020-05-06,accepted,completed
370,DATA202001,1,2020-05-05,2020-05-06,accepted,completed
372,DATA202001,1,2020-05-05,2020-05-06,accepted,completed
386,DATA202001,1,2020-05-05,2020-05-06,accepted,completed
391,DATA202001,1,2020-05-05,2020-05-06,accepted,completed
393,DATA202001,1,2020-05-05,2020-05-06,accepted,completed
435,DATA202001,1,2020-05-05,2020-05-06,accepted,completed
443,DATA202001,1,2020-05-05,2020-05-06,accepted,completed
446,DATA202001,1,2020-05-05,2020-05-06,accepted,completed
455,DATA202001,1,2020-05-05,2020-05-06,accepted,completed
1,DATA202003,1,2020-05-26,2020-05-28,accepted,completed
51,DATA202003,1,2020-05-26,2020-05-28,accepted,completed
266,DATA202003,1,2020-05-26,2020-05-28,accepted,completed
270,DATA202003,1,2020-05-26,2020-05-28,accepted,completed
272,DATA202003,1,2020-05-26,2020-05-28,accepted,completed
283,DATA202003,1,2020-05-26,2020-05-28,accepted,completed
298,DATA202003,1,2020-05-26,2020-05-28,accepted,completed
306,DATA202003,1,2020-05-26,2020-05-28,accepted,completed
323,DATA202003,1,2020-05-26,2020-05-28,accepted,completed
329,DATA202003,1,2020-05-26,2020-05-28,accepted,completed
330,DATA202003,1,2020-05-26,2020-05-28,accepted,completed
331,DATA202003,1,2020-05-26,2020-05-28,accepted,completed
347,DATA202003,1,2020-05-26,2020-05-28,accepted,completed
351,DATA202003,1,2020-05-26,2020-05-28,accepted,completed
359,DATA202003,1,2020-05-26,2020-05-28,accepted,completed
370,DATA202003,1,2020-05-26,2020-05-28,accepted,completed
375,DATA202003,1,2020-05-26,2020-05-28,accepted,completed
408,DATA202003,1,2020-05-26,2020-05-28,accepted,completed
419,DATA202003,1,2020-05-26,2020-05-28,accepted,completed
430,DATA202003,1,2020-05-26,2020-05-28,accepted,completed
444,DATA202003,1,2020-05-26,2020-05-28,accepted,completed
446,DATA202003,1,2020-05-26,2020-05-28,accepted,completed
51,DATA202004,1,2020-07-01,2020-07-01,accepted,completed
92,DATA202004,1,2020-07-01,2020-07-01,accepted,completed
266,DATA202004,1,2020-07-01,2020-07-01,accepted,completed
282,DATA202004,1,2020-07-01,2020-07-01,accepted,completed
306,DATA202004,1,2020-07-01,2020-07-01,accepted,completed
307,DATA202004,1,2020-07-01,2020-07-01,accepted,completed
312,DATA202004,1,2020-07-01,2020-07-01,accepted,completed
357,DATA202004,1,2020-07-01,2020-07-01,accepted,completed
376,DATA202004,1,2020-07-01,2020-07-01,accepted,completed
382,DATA202004,1,2020-07-01,2020-07-01,accepted,completed
386,DATA202004,1,2020-07-01,2020-07-01,accepted,completed
402,DATA202004,1,2020-07-01,2020-07-01,accepted,completed
403,DATA202004,1,2020-07-01,2020-07-01,accepted,completed
435,DATA202004,1,2020-07-01,2020-07-01,accepted,completed
448,DATA202004,1,2020-07-01,2020-07-01,accepted,completed
450,DATA202004,1,2020-07-01,2020-07-01,accepted,completed
453,DATA202004,1,2020-07-01,2020-07-01,accepted,completed
1,DATA202006,1,2020-07-29,2020-07-29,accepted,completed
51,DATA202006,1,2020-07-29,2020-07-29,accepted,completed
86,DATA202006,1,2020-07-29,2020-07-29,accepted,completed
92,DATA202006,1,2020-07-29,2020-07-29,accepted,completed
261,DATA202006,1,2020-07-29,2020-07-29,accepted,completed
266,DATA202006,1,2020-07-29,2020-07-29,accepted,completed
270,DATA202006,1,2020-07-29,2020-07-29,accepted,completed
273,DATA202006,1,2020-07-29,2020-07-29,accepted,completed
275,DATA202006,1,2020-07-29,2020-07-29,accepted,completed
279,DATA202006,1,2020-07-29,2020-07-29,accepted,completed
284,DATA202006,1,2020-07-29,2020-07-29,accepted,completed
288,DATA202006,1,2020-07-29,2020-07-29,accepted,completed
306,DATA202006,1,2020-07-29,2020-07-29,accepted,completed
307,DATA202006,1,2020-07-29,2020-07-29,accepted,completed
312,DATA202006,1,2020-07-29,2020-07-29,accepted,completed
319,DATA202006,1,2020-07-29,2020-07-29,accepted,completed
323,DATA202006,1,2020-07-29,2020-07-29,accepted,completed
331,DATA202006,1,2020-07-29,2020-07-29,accepted,completed
342,DATA202006,1,2020-07-29,2020-07-29,accepted,completed
346,DATA202006,1,2020-07-29,2020-07-29,accepted,completed
349,DATA202006,1,2020-07-29,2020-07-29,accepted,completed
353,DATA202006,1,2020-07-29,2020-07-29,accepted,completed
354,DATA202006,1,2020-07-29,2020-07-29,accepted,completed
357,DATA202006,1,2020-07-29,2020-07-29,accepted,completed
358,DATA202006,1,2020-07-29,2020-07-29,accepted,completed
363,DATA202006,1,2020-07-29,2020-07-29,accepted,completed
376,DATA202006,1,2020-07-29,2020-07-29,accepted,completed
378,DATA202006,1,2020-07-29,2020-07-29,accepted,completed
382,DATA202006,1,2020-07-29,2020-07-29,accepted,completed
391,DATA202006,1,2020-07-29,2020-07-29,accepted,completed
392,DATA202006,1,2020-07-29,2020-07-29,accepted,completed
398,DATA202006,1,2020-07-29,2020-07-29,accepted,completed
402,DATA202006,1,2020-07-29,2020-07-29,accepted,completed
403,DATA202006,1,2020-07-29,2020-07-29,accepted,completed
413,DATA202006,1,2020-07-29,2020-07-29,accepted,completed
415,DATA202006,1,2020-07-29,2020-07-29,accepted,completed
417,DATA202006,1,2020-07-29,2020-07-29,accepted,completed
421,DATA202006,1,2020-07-29,2020-07-29,accepted,completed
423,DATA202006,1,2020-07-29,2020-07-29,accepted,completed
429,DATA202006,1,2020-07-29,2020-07-29,accepted,completed
432,DATA202006,1,2020-07-29,2020-07-29,accepted,completed
435,DATA202006,1,2020-07-29,2020-07-29,accepted,completed
448,DATA202006,1,2020-07-29,2020-07-29,accepted,completed
450,DATA202006,1,2020-07-29,2020-07-29,accepted,completed
453,DATA202006,1,2020-07-29,2020-07-29,accepted,completed
456,DATA202006,1,2020-07-29,2020-07-29,accepted,completed
4,DATA202008,1,2020-08-12,2020-08-13,accepted,completed
12,DATA202008,1,2020-08-12,2020-08-13,accepted,completed
17,DATA202008,1,2020-08-12,2020-08-13,accepted,completed
18,DATA202008,1,2020-08-12,2020-08-13,accepted,completed
21,DATA202008,1,2020-08-12,2020-08-13,accepted,completed
23,DATA202008,1,2020-08-12,2020-08-13,accepted,completed
57,DATA202008,1,2020-08-12,2020-08-13,accepted,completed
175,DATA202008,1,2020-08-12,2020-08-13,accepted,completed
265,DATA202008,1,2020-08-12,2020-08-13,accepted,completed
268,DATA202008,1,2020-08-12,2020-08-13,accepted,completed
272,DATA202008,1,2020-08-12,2020-08-13,accepted,completed
274,DATA202008,1,2020-08-12,2020-08-13,accepted,completed
276,DATA202008,1,2020-08-12,2020-08-13,accepted,completed
285,DATA202008,1,2020-08-12,2020-08-13,accepted,completed
295,DATA202008,1,2020-08-12,2020-08-13,accepted,completed
306,DATA202008,1,2020-08-12,2020-08-13,accepted,completed
308,DATA202008,1,2020-08-12,2020-08-13,accepted,completed
309,DATA202008,1,2020-08-12,2020-08-13,accepted,completed
318,DATA202008,1,2020-08-12,2020-08-13,accepted,completed
324,DATA202008,1,2020-08-12,2020-08-13,accepted,completed
326,DATA202008,1,2020-08-12,2020-08-13,accepted,completed
327,DATA202008,1,2020-08-12,2020-08-13,accepted,completed
329,DATA202008,1,2020-08-12,2020-08-13,accepted,completed
343,DATA202008,1,2020-08-12,2020-08-13,accepted,completed
345,DATA202008,1,2020-08-12,2020-08-13,accepted,completed
350,DATA202008,1,2020-08-12,2020-08-13,accepted,completed
361,DATA202008,1,2020-08-12,2020-08-13,accepted,completed
364,DATA202008,1,2020-08-12,2020-08-13,accepted,completed
379,DATA202008,1,2020-08-12,2020-08-13,accepted,completed
380,DATA202008,1,2020-08-12,2020-08-13,accepted,completed
381,DATA202008,1,2020-08-12,2020-08-13,accepted,completed
383,DATA202008,1,2020-08-12,2020-08-13,accepted,completed
384,DATA202008,1,2020-08-12,2020-08-13,accepted,completed
400,DATA202008,1,2020-08-12,2020-08-13,accepted,completed
406,DATA202008,1,2020-08-12,2020-08-13,accepted,completed
407,DATA202008,1,2020-08-12,2020-08-13,accepted,completed
419,DATA202008,1,2020-08-12,2020-08-13,accepted,completed
424,DATA202008,1,2020-08-12,2020-08-13,accepted,completed
426,DATA202008,1,2020-08-12,2020-08-13,accepted,completed
427,DATA202008,1,2020-08-12,2020-08-13,accepted,completed
431,DATA202008,1,2020-08-12,2020-08-13,accepted,completed
71,DATA202009,1,2020-10-30,2020-10-30,accepted,completed
267,DATA202009,1,2020-10-30,2020-10-30,accepted,completed
272,DATA202009,1,2020-10-30,2020-10-30,accepted,completed
286,DATA202009,1,2020-10-30,2020-10-30,accepted,completed
290,DATA202009,1,2020-10-30,2020-10-30,accepted,completed
360,DATA202009,1,2020-10-30,2020-10-30,accepted,completed
385,DATA202009,1,2020-10-30,2020-10-30,accepted,completed
394,DATA202009,1,2020-10-30,2020-10-30,accepted,completed
419,DATA202009,1,2020-10-30,2020-10-30,accepted,completed
437,DATA202009,1,2020-10-30,2020-10-30,accepted,completed
439,DATA202009,1,2020-10-30,2020-10-30,accepted,completed
441,DATA202009,1,2020-10-30,2020-10-30,accepted,completed
447,DATA202009,1,2020-10-30,2020-10-30,accepted,completed
4,DATA202010,1,2020-10-06,2020-10-06,accepted,completed
71,DATA202010,1,2020-10-06,2020-10-06,accepted,completed
290,DATA202010,1,2020-10-06,2020-10-06,accepted,completed
294,DATA202010,1,2020-10-06,2020-10-06,accepted,completed
360,DATA202010,1,2020-10-06,2020-10-06,accepted,completed
390,DATA202010,1,2020-10-06,2020-10-06,accepted,completed
416,DATA202010,1,2020-10-06,2020-10-06,accepted,completed
419,DATA202010,1,2020-10-06,2020-10-06,accepted,completed
447,DATA202010,1,2020-10-06,2020-10-06,accepted,completed
221,DATA202011,1,2020-07-01,2020-07-05,accepted,completed
278,DATA202011,1,2020-07-01,2020-07-10,accepted,completed
281,DATA202011,1,2020-07-01,2020-07-13,accepted,completed
314,DATA202011,1,2020-07-01,2020-07-11,accepted,completed
331,DATA202011,1,2020-07-01,2020-07-02,accepted,completed
338,DATA202011,1,2020-07-01,2020-07-07,accepted,completed
340,DATA202011,1,2020-07-01,2020-07-06,accepted,completed
341,DATA202011,1,2020-07-01,2020-07-04,accepted,completed
354,DATA202011,1,2020-07-01,2020-07-03,accepted,completed
360,DATA202011,1,2020-07-01,2020-07-08,accepted,completed
409,DATA202011,1,2020-07-01,2020-07-09,accepted,completed
446,DATA202011,1,2020-07-01,2020-07-02,accepted,completed
451,DATA202011,1,2020-07-01,2020-07-12,accepted,completed
2,DATA202102,1,2021-05-04,2021-05-04,accepted,completed
4,DATA202102,1,2021-05-04,2021-05-04,accepted,completed
11,DATA202102,1,2021-05-04,2021-05-04,accepted,completed
22,DATA202102,1,2021-05-04,2021-05-04,accepted,completed
27,DATA202102,1,2021-05-04,2021-05-04,accepted,completed
28,DATA202102,1,2021-05-04,2021-05-04,accepted,completed
30,DATA202102,1,2021-05-04,2021-05-04,accepted,completed
31,DATA202102,1,2021-05-04,2021-05-04,accepted,completed
37,DATA202102,1,2021-05-04,2021-05-04,accepted,completed
44,DATA202102,1,2021-05-04,2021-05-04,accepted,completed
46,DATA202102,1,2021-05-04,2021-05-04,accepted,completed
48,DATA202102,1,2021-05-04,2021-05-04,accepted,completed
49,DATA202102,1,2021-05-04,2021-05-04,accepted,completed
59,DATA202102,1,2021-05-04,2021-05-04,accepted,completed
69,DATA202102,1,2021-05-04,2021-05-04,accepted,completed
70,DATA202102,1,2021-05-04,2021-05-04,accepted,completed
72,DATA202102,1,2021-05-04,2021-05-04,accepted,completed
73,DATA202102,1,2021-05-04,2021-05-04,accepted,completed
74,DATA202102,1,2021-05-04,2021-05-04,accepted,completed
75,DATA202102,1,2021-05-04,2021-05-04,accepted,completed
77,DATA202102,1,2021-05-04,2021-05-04,accepted,completed
78,DATA202102,1,2021-05-04,2021-05-04,accepted,completed
81,DATA202102,1,2021-05-04,2021-05-04,accepted,completed
82,DATA202102,1,2021-05-04,2021-05-04,accepted,completed
83,DATA202102,1,2021-05-04,2021-05-04,accepted,completed
84,DATA202102,1,2021-05-04,2021-05-04,accepted,completed
85,DATA202102,1,2021-05-04,2021-05-04,accepted,completed
86,DATA202102,1,2021-05-04,2021-05-04,accepted,completed
87,DATA202102,1,2021-05-04,2021-05-04,accepted,completed
88,DATA202102,1,2021-05-04,2021-05-04,accepted,completed
90,DATA202102,1,2021-05-04,2021-05-04,accepted,completed
91,DATA202102,1,2021-05-04,2021-05-04,accepted,completed
92,DATA202102,1,2021-05-04,2021-05-04,accepted,completed
93,DATA202102,1,2021-05-04,2021-05-04,accepted,completed
94,DATA202102,1,2021-05-04,2021-05-04,accepted,completed
96,DATA202102,1,2021-05-04,2021-05-04,accepted,completed
97,DATA202102,1,2021-05-04,2021-05-04,accepted,completed
100,DATA202102,1,2021-05-04,2021-05-04,accepted,completed
102,DATA202102,1,2021-05-04,2021-05-04,accepted,completed
104,DATA202102,1,2021-05-04,2021-05-04,accepted,completed
105,DATA202102,1,2021-05-04,2021-05-04,accepted,completed
680,DATA202102,1,2021-05-04,2021-05-04,accepted,completed
1,DATA202103,1,2021-05-14,2021-05-14,accepted,completed
4,DATA202103,1,2021-05-14,2021-05-14,accepted,completed
5,DATA202103,1,2021-05-14,2021-05-14,accepted,completed
9,DATA202103,1,2021-05-14,2021-05-14,accepted,completed
10,DATA202103,1,2021-05-14,2021-05-14,accepted,completed
11,DATA202103,1,2021-05-14,2021-05-14,accepted,completed
12,DATA202103,1,2021-05-14,2021-05-14,accepted,completed
19,DATA202103,1,2021-05-14,2021-05-14,accepted,completed
28,DATA202103,1,2021-05-14,2021-05-14,accepted,completed
32,DATA202103,1,2021-05-14,2021-05-14,accepted,completed
37,DATA202103,1,2021-05-14,2021-05-14,accepted,completed
38,DATA202103,1,2021-05-14,2021-05-14,accepted,completed
42,DATA202103,1,2021-05-14,2021-05-14,accepted,completed
44,DATA202103,1,2021-05-14,2021-05-14,accepted,completed
45,DATA202103,1,2021-05-14,2021-05-14,accepted,completed
46,DATA202103,1,2021-05-14,2021-05-14,accepted,completed
50,DATA202103,1,2021-05-14,2021-05-14,accepted,completed
51,DATA202103,1,2021-05-14,2021-05-14,accepted,completed
52,DATA202103,1,2021-05-14,2021-05-14,accepted,completed
60,DATA202103,1,2021-05-14,2021-05-14,accepted,completed
69,DATA202103,1,2021-05-14,2021-05-14,accepted,completed
72,DATA202103,1,2021-05-14,2021-05-14,accepted,completed
73,DATA202103,1,2021-05-14,2021-05-14,accepted,completed
75,DATA202103,1,2021-05-14,2021-05-14,accepted,completed
76,DATA202103,1,2021-05-14,2021-05-14,accepted,completed
77,DATA202103,1,2021-05-14,2021-05-14,accepted,completed
78,DATA202103,1,2021-05-14,2021-05-14,accepted,completed
79,DATA202103,1,2021-05-14,2021-05-14,accepted,completed
80,DATA202103,1,2021-05-14,2021-05-14,accepted,completed
81,DATA202103,1,2021-05-14,2021-05-14,accepted,completed
82,DATA202103,1,2021-05-14,2021-05-14,accepted,completed
83,DATA202103,1,2021-05-14,2021-05-14,accepted,completed
84,DATA202103,1,2021-05-14,2021-05-14,accepted,completed
85,DATA202103,1,2021-05-14,2021-05-14,accepted,completed
87,DATA202103,1,2021-05-14,2021-05-14,accepted,completed
89,DATA202103,1,2021-05-14,2021-05-14,accepted,completed
90,DATA202103,1,2021-05-14,2021-05-14,accepted,completed
92,DATA202103,1,2021-05-14,2021-05-14,accepted,completed
93,DATA202103,1,2021-05-14,2021-05-14,accepted,completed
94,DATA202103,1,2021-05-14,2021-05-14,accepted,completed
95,DATA202103,1,2021-05-14,2021-05-14,accepted,completed
96,DATA202103,1,2021-05-14,2021-05-14,accepted,completed
97,DATA202103,1,2021-05-14,2021-05-14,accepted,completed
98,DATA202103,1,2021-05-14,2021-05-14,accepted,completed
99,DATA202103,1,2021-05-14,2021-05-14,accepted,completed
101,DATA202103,1,2021-05-14,2021-05-14,accepted,completed
102,DATA202103,1,2021-05-14,2021-05-14,accepted,completed
103,DATA202103,1,2021-05-14,2021-05-14,accepted,completed
104,DATA202103,1,2021-05-14,2021-05-14,accepted,completed
105,DATA202103,1,2021-05-14,2021-05-14,accepted,completed
680,DATA202103,1,2021-05-14,2021-05-14,accepted,completed
16,DATA202104,1,2021-05-20,2021-05-20,accepted,completed
17,DATA202104,1,2021-05-20,2021-05-20,accepted,completed
18,DATA202104,1,2021-05-20,2021-05-20,accepted,completed
19,DATA202104,1,2021-05-20,2021-05-20,accepted,completed
20,DATA202104,1,2021-05-20,2021-05-20,accepted,completed
21,DATA202104,1,2021-05-20,2021-05-20,accepted,completed
25,DATA202104,1,2021-05-20,2021-05-20,accepted,completed
26,DATA202104,1,2021-05-20,2021-05-20,accepted,completed
28,DATA202104,1,2021-05-20,2021-05-20,accepted,completed
30,DATA202104,1,2021-05-20,2021-05-20,accepted,completed
31,DATA202104,1,2021-05-20,2021-05-20,accepted,completed
32,DATA202104,1,2021-05-20,2021-05-20,accepted,completed
35,DATA202104,1,2021-05-20,2021-05-20,accepted,completed
37,DATA202104,1,2021-05-20,2021-05-20,accepted,completed
40,DATA202104,1,2021-05-20,2021-05-20,accepted,completed
41,DATA202104,1,2021-05-20,2021-05-20,accepted,completed
42,DATA202104,1,2021-05-20,2021-05-20,accepted,completed
43,DATA202104,1,2021-05-20,2021-05-20,accepted,completed
44,DATA202104,1,2021-05-20,2021-05-20,accepted,completed
45,DATA202104,1,2021-05-20,2021-05-20,accepted,completed
46,DATA202104,1,2021-05-20,2021-05-20,accepted,completed
47,DATA202104,1,2021-05-20,2021-05-20,accepted,completed
48,DATA202104,1,2021-05-20,2021-05-20,accepted,completed
51,DATA202104,1,2021-05-20,2021-05-20,accepted,completed
52,DATA202104,1,2021-05-20,2021-05-20,accepted,completed
55,DATA202104,1,2021-05-20,2021-05-20,accepted,completed
57,DATA202104,1,2021-05-20,2021-05-20,accepted,completed
60,DATA202104,1,2021-05-20,2021-05-20,accepted,completed
62,DATA202104,1,2021-05-20,2021-05-20,accepted,completed
66,DATA202104,1,2021-05-20,2021-05-20,accepted,completed
69,DATA202104,1,2021-05-20,2021-05-20,accepted,completed
70,DATA202104,1,2021-05-20,2021-05-20,accepted,completed
72,DATA202104,1,2021-05-20,2021-05-20,accepted,completed
75,DATA202104,1,2021-05-20,2021-05-20,accepted,completed
76,DATA202104,1,2021-05-20,2021-05-20,accepted,completed
77,DATA202104,1,2021-05-20,2021-05-20,accepted,completed
82,DATA202104,1,2021-05-20,2021-05-20,accepted,completed
83,DATA202104,1,2021-05-20,2021-05-20,accepted,completed
84,DATA202104,1,2021-05-20,2021-05-20,accepted,completed
85,DATA202104,1,2021-05-20,2021-05-20,accepted,completed
89,DATA202104,1,2021-05-20,2021-05-20,accepted,completed
92,DATA202104,1,2021-05-20,2021-05-20,accepted,completed
93,DATA202104,1,2021-05-20,2021-05-20,accepted,completed
94,DATA202104,1,2021-05-20,2021-05-20,accepted,completed
96,DATA202104,1,2021-05-20,2021-05-20,accepted,completed
97,DATA202104,1,2021-05-20,2021-05-20,accepted,completed
102,DATA202104,1,2021-05-20,2021-05-20,accepted,completed
104,DATA202104,1,2021-05-20,2021-05-20,accepted,completed
105,DATA202104,1,2021-05-20,2021-05-20,accepted,completed
680,DATA202104,1,2021-05-20,2021-05-20,accepted,completed
3,DATA202105,1,2021-07-28,2021-07-30,accepted,completed
5,DATA202105,1,2021-07-28,2021-07-30,accepted,completed
6,DATA202105,1,2021-07-28,2021-07-30,accepted,completed
7,DATA202105,1,2021-07-28,2021-07-30,accepted,completed
8,DATA202105,1,2021-07-28,2021-07-30,accepted,completed
9,DATA202105,1,2021-07-28,2021-07-30,accepted,completed
10,DATA202105,1,2021-07-28,2021-07-30,accepted,completed
13,DATA202105,1,2021-07-28,2021-07-30,accepted,completed
14,DATA202105,1,2021-07-28,2021-07-30,accepted,completed
15,DATA202105,1,2021-07-28,2021-07-30,accepted,completed
16,DATA202105,1,2021-07-28,2021-07-30,accepted,completed
18,DATA202105,1,2021-07-28,2021-07-30,accepted,completed
21,DATA202105,1,2021-07-28,2021-07-30,accepted,completed
23,DATA202105,1,2021-07-28,2021-07-30,accepted,completed
24,DATA202105,1,2021-07-28,2021-07-30,accepted,completed
25,DATA202105,1,2021-07-28,2021-07-30,accepted,completed
26,DATA202105,1,2021-07-28,2021-07-30,accepted,completed
28,DATA202105,1,2021-07-28,2021-07-30,accepted,completed
29,DATA202105,1,2021-07-28,2021-07-30,accepted,completed
33,DATA202105,1,2021-07-28,2021-07-30,accepted,completed
35,DATA202105,1,2021-07-28,2021-07-30,accepted,completed
36,DATA202105,1,2021-07-28,2021-07-30,accepted,completed
37,DATA202105,1,2021-07-28,2021-07-30,accepted,completed
38,DATA202105,1,2021-07-28,2021-07-30,accepted,completed
39,DATA202105,1,2021-07-28,2021-07-30,accepted,completed
40,DATA202105,1,2021-07-28,2021-07-30,accepted,completed
44,DATA202105,1,2021-07-28,2021-07-30,accepted,completed
45,DATA202105,1,2021-07-28,2021-07-30,accepted,completed
46,DATA202105,1,2021-07-28,2021-07-30,accepted,completed
47,DATA202105,1,2021-07-28,2021-07-30,accepted,completed
50,DATA202105,1,2021-07-28,2021-07-30,accepted,completed
51,DATA202105,1,2021-07-28,2021-07-30,accepted,completed
53,DATA202105,1,2021-07-28,2021-07-30,accepted,completed
54,DATA202105,1,2021-07-28,2021-07-30,accepted,completed
55,DATA202105,1,2021-07-28,2021-07-30,accepted,completed
56,DATA202105,1,2021-07-28,2021-07-30,accepted,completed
57,DATA202105,1,2021-07-28,2021-07-30,accepted,completed
58,DATA202105,1,2021-07-28,2021-07-30,accepted,completed
59,DATA202105,1,2021-07-28,2021-07-30,accepted,completed
61,DATA202105,1,2021-07-28,2021-07-30,accepted,completed
62,DATA202105,1,2021-07-28,2021-07-30,accepted,completed
63,DATA202105,1,2021-07-28,2021-07-30,accepted,completed
64,DATA202105,1,2021-07-28,2021-07-30,accepted,completed
65,DATA202105,1,2021-07-28,2021-07-30,accepted,completed
67,DATA202105,1,2021-07-28,2021-07-30,accepted,completed
68,DATA202105,1,2021-07-28,2021-07-30,accepted,completed
69,DATA202105,1,2021-07-28,2021-07-30,accepted,completed
70,DATA202105,1,2021-07-28,2021-07-30,accepted,completed
71,DATA202105,1,2021-07-28,2021-07-30,accepted,completed
680,DATA202105,1,2021-07-28,2021-07-30,accepted,completed
18,DATA202106,1,2021-07-22,2021-08-27,accepted,completed
106,DATA202106,1,2021-07-22,2021-08-27,accepted,completed
107,DATA202106,1,2021-07-22,2021-08-27,accepted,completed
108,DATA202106,1,2021-07-22,2021-08-27,accepted,completed
109,DATA202106,1,2021-07-22,2021-08-27,accepted,completed
110,DATA202106,1,2021-07-22,2021-08-27,accepted,completed
111,DATA202106,1,2021-07-22,2021-08-27,accepted,completed
112,DATA202106,1,2021-07-22,2021-08-27,accepted,completed
113,DATA202106,1,2021-07-22,2021-08-27,accepted,completed
114,DATA202106,1,2021-07-22,2021-08-27,accepted,completed
115,DATA202106,1,2021-07-22,2021-08-27,accepted,completed
116,DATA202106,1,2021-07-22,2021-08-27,accepted,completed
117,DATA202106,1,2021-07-22,2021-08-27,accepted,completed
118,DATA202106,1,2021-07-22,2021-08-27,accepted,completed
119,DATA202106,1,2021-07-22,2021-08-27,accepted,completed
120,DATA202106,1,2021-07-22,2021-08-27,accepted,completed
121,DATA202106,1,2021-07-22,2021-08-27,accepted,completed
122,DATA202106,1,2021-07-22,2021-08-27,accepted,completed
123,DATA202106,1,2021-07-22,2021-08-27,accepted,completed
124,DATA202106,1,2021-07-22,2021-08-27,accepted,completed
125,DATA202106,1,2021-07-22,2021-08-27,accepted,completed
126,DATA202106,1,2021-07-22,2021-08-27,accepted,completed
127,DATA202106,1,2021-07-22,2021-08-27,accepted,completed
128,DATA202106,1,2021-07-22,2021-08-27,accepted,completed
129,DATA202106,1,2021-07-22,2021-08-27,accepted,completed
130,DATA202106,1,2021-07-22,2021-08-27,accepted,completed
131,DATA202106,1,2021-07-22,2021-08-27,accepted,completed
132,DATA202106,1,2021-07-22,2021-08-27,accepted,completed
133,DATA202106,1,2021-07-22,2021-08-27,accepted,completed
134,DATA202106,1,2021-07-22,2021-08-27,accepted,completed
135,DATA202106,1,2021-07-22,2021-08-27,accepted,completed
136,DATA202106,1,2021-07-22,2021-08-27,accepted,completed
137,DATA202106,1,2021-07-22,2021-08-27,accepted,completed
138,DATA202106,1,2021-07-22,2021-08-27,accepted,completed
139,DATA202106,1,2021-07-22,2021-08-27,accepted,completed
140,DATA202106,1,2021-07-22,2021-08-27,accepted,completed
141,DATA202106,1,2021-07-22,2021-08-27,accepted,completed
142,DATA202106,1,2021-07-22,2021-08-27,accepted,completed
143,DATA202106,1,2021-07-22,2021-08-27,accepted,completed
144,DATA202106,1,2021-07-22,2021-08-27,accepted,completed
145,DATA202106,1,2021-07-22,2021-08-27,accepted,completed
146,DATA202106,1,2021-07-22,2021-08-27,accepted,completed
147,DATA202106,1,2021-07-22,2021-08-27,accepted,completed
148,DATA202106,1,2021-07-22,2021-08-27,accepted,completed
149,DATA202106,1,2021-07-22,2021-08-27,accepted,completed
150,DATA202106,1,2021-07-22,2021-08-27,accepted,completed
152,DATA202106,1,2021-07-22,2021-08-27,accepted,completed
153,DATA202106,1,2021-07-22,2021-08-27,accepted,completed
154,DATA202106,1,2021-07-22,2021-08-27,accepted,completed
155,DATA202106,1,2021-07-22,2021-08-27,accepted,completed
156,DATA202106,1,2021-07-22,2021-08-27,accepted,completed
157,DATA202106,1,2021-07-22,2021-08-27,accepted,completed
158,DATA202106,1,2021-07-22,2021-08-27,accepted,completed
159,DATA202106,1,2021-07-22,2021-08-27,accepted,completed
160,DATA202106,1,2021-07-22,2021-08-27,accepted,completed
161,DATA202106,1,2021-07-22,2021-08-27,accepted,completed
162,DATA202106,1,2021-07-22,2021-08-27,accepted,completed
163,DATA202106,1,2021-07-22,2021-08-27,accepted,completed
164,DATA202106,1,2021-07-22,2021-08-27,accepted,completed
165,DATA202106,1,2021-07-22,2021-08-27,accepted,completed
166,DATA202106,1,2021-07-22,2021-08-27,accepted,completed
167,DATA202106,1,2021-07-22,2021-08-27,accepted,completed
168,DATA202106,1,2021-07-22,2021-08-27,accepted,completed
169,DATA202106,1,2021-07-22,2021-08-27,accepted,completed
170,DATA202106,1,2021-07-22,2021-08-27,accepted,completed
171,DATA202106,1,2021-07-22,2021-08-27,accepted,completed
172,DATA202106,1,2021-07-22,2021-08-27,accepted,completed
173,DATA202106,1,2021-07-22,2021-08-27,accepted,completed
174,DATA202106,1,2021-07-22,2021-08-27,accepted,completed
175,DATA202106,1,2021-07-22,2021-08-27,accepted,completed
176,DATA202106,1,2021-07-22,2021-08-27,accepted,completed
177,DATA202106,1,2021-07-22,2021-08-27,accepted,completed
178,DATA202106,1,2021-07-22,2021-08-27,accepted,completed
179,DATA202106,1,2021-07-22,2021-08-27,accepted,completed
180,DATA202106,1,2021-07-22,2021-08-27,accepted,completed
181,DATA202106,1,2021-07-22,2021-08-27,accepted,completed
182,DATA202106,1,2021-07-22,2021-08-27,accepted,completed
183,DATA202106,1,2021-07-22,2021-08-27,accepted,completed
184,DATA202106,1,2021-07-22,2021-08-27,accepted,completed
185,DATA202106,1,2021-07-22,2021-08-27,accepted,completed
186,DATA202106,1,2021-07-22,2021-08-27,accepted,completed
187,DATA202106,1,2021-07-22,2021-08-27,accepted,completed
188,DATA202106,1,2021-07-22,2021-08-27,accepted,completed
189,DATA202106,1,2021-07-22,2021-08-27,accepted,completed
190,DATA202106,1,2021-07-22,2021-08-27,accepted,completed
191,DATA202106,1,2021-07-22,2021-08-27,accepted,completed
192,DATA202106,1,2021-07-22,2021-08-27,accepted,completed
193,DATA202106,1,2021-07-22,2021-08-27,accepted,completed
194,DATA202106,1,2021-07-22,2021-08-27,accepted,completed
195,DATA202106,1,2021-07-22,2021-08-27,accepted,completed
196,DATA202106,1,2021-07-22,2021-08-27,accepted,completed
197,DATA202106,1,2021-07-22,2021-08-27,accepted,completed
198,DATA202106,1,2021-07-22,2021-08-27,accepted,completed
199,DATA202106,1,2021-07-22,2021-08-27,accepted,completed
200,DATA202106,1,2021-07-22,2021-08-27,accepted,completed
201,DATA202106,1,2021-07-22,2021-08-27,accepted,completed
202,DATA202106,1,2021-07-22,2021-08-27,accepted,completed
203,DATA202106,1,2021-07-22,2021-08-27,accepted,completed
204,DATA202106,1,2021-07-22,2021-08-27,accepted,completed
205,DATA202106,1,2021-07-22,2021-08-27,accepted,completed
206,DATA202106,1,2021-07-22,2021-08-27,accepted,completed
207,DATA202106,1,2021-07-22,2021-08-27,accepted,completed
208,DATA202106,1,2021-07-22,2021-08-27,accepted,completed
209,DATA202106,1,2021-07-22,2021-08-27,accepted,completed
210,DATA202106,1,2021-07-22,2021-08-27,accepted,completed
211,DATA202106,1,2021-07-22,2021-08-27,accepted,completed
212,DATA202106,1,2021-07-22,2021-08-27,accepted,completed
213,DATA202106,1,2021-07-22,2021-08-27,accepted,completed
214,DATA202106,1,2021-07-22,2021-08-27,accepted,completed
215,DATA202106,1,2021-07-22,2021-08-27,accepted,completed
216,DATA202106,1,2021-07-22,2021-08-27,accepted,completed
217,DATA202106,1,2021-07-22,2021-08-27,accepted,completed
218,DATA202106,1,2021-07-22,2021-08-27,accepted,completed
219,DATA202106,1,2021-07-22,2021-08-27,accepted,completed
220,DATA202106,1,2021-07-22,2021-08-27,accepted,completed
221,DATA202106,1,2021-07-22,2021-08-27,accepted,completed
222,DATA202106,1,2021-07-22,2021-08-27,accepted,completed
223,DATA202106,1,2021-07-22,2021-08-27,accepted,completed
224,DATA202106,1,2021-07-22,2021-08-27,accepted,completed
225,DATA202106,1,2021-07-22,2021-08-27,accepted,completed
226,DATA202106,1,2021-07-22,2021-08-27,accepted,completed
227,DATA202106,1,2021-07-22,2021-08-27,accepted,completed
228,DATA202106,1,2021-07-22,2021-08-27,accepted,completed
229,DATA202106,1,2021-07-22,2021-08-27,accepted,completed
230,DATA202106,1,2021-07-22,2021-08-27,accepted,completed
231,DATA202106,1,2021-07-22,2021-08-27,accepted,completed
232,DATA202106,1,2021-07-22,2021-08-27,accepted,completed
233,DATA202106,1,2021-07-22,2021-08-27,accepted,completed
234,DATA202106,1,2021-07-22,2021-08-27,accepted,completed
235,DATA202106,1,2021-07-22,2021-08-27,accepted,completed
236,DATA202106,1,2021-07-22,2021-08-27,accepted,completed
238,DATA202106,1,2021-07-22,2021-08-27,accepted,completed
239,DATA202106,1,2021-07-22,2021-08-27,accepted,completed
240,DATA202106,1,2021-07-22,2021-08-27,accepted,completed
241,DATA202106,1,2021-07-22,2021-08-27,accepted,completed
242,DATA202106,1,2021-07-22,2021-08-27,accepted,completed
243,DATA202106,1,2021-07-22,2021-08-27,accepted,completed
244,DATA202106,1,2021-07-22,2021-08-27,accepted,completed
245,DATA202106,1,2021-07-22,2021-08-27,accepted,completed
246,DATA202106,1,2021-07-22,2021-08-27,accepted,completed
247,DATA202106,1,2021-07-22,2021-08-27,accepted,completed
248,DATA202106,1,2021-07-22,2021-08-27,accepted,completed
249,DATA202107,1,2021-07-15,2021-07-30,accepted,completed
250,DATA202107,1,2021-07-15,2021-07-30,accepted,completed
251,DATA202107,1,2021-07-15,2021-07-30,accepted,completed
252,DATA202107,1,2021-07-15,2021-07-30,accepted,completed
253,DATA202107,1,2021-07-15,2021-07-30,accepted,completed
254,DATA202107,1,2021-07-15,2021-07-30,accepted,completed
255,DATA202107,1,2021-07-15,2021-07-30,accepted,completed
256,DATA202107,1,2021-07-15,2021-07-30,accepted,completed
257,DATA202107,1,2021-07-15,2021-07-30,accepted,completed
258,DATA202107,1,2021-07-15,2021-07-30,accepted,completed
259,DATA202107,1,2021-07-15,2021-07-30,accepted,completed
260,DATA202107,1,2021-07-15,2021-07-30,accepted,completed
261,DATA202107,1,2021-07-15,2021-07-30,accepted,completed
262,DATA202107,1,2021-07-15,2021-07-30,accepted,completed
263,DATA202107,1,2021-07-15,2021-07-30,accepted,completed
264,DATA202107,1,2021-07-15,2021-07-30,accepted,completed
